ONTOLOGY,ID,Description,GeneRatio,BgRatio,pvalue,p.adjust,qvalue,geneID,Count
BP,GO:0002181,cytoplasmic translation,80/3689,149/13192,2.7693321677699047e-11,1.5358716202451892e-7,1.5358716202451892e-7,SH3BGRL/RPL18A/RPS14/RPL39/RPL18/RPS16/RPL10/RPS5/RPS2/RPL41/RPL37A/RPS13/RPS21/PKM/RPLP1/RPL13/RPLP0P6/RPL15/UBA52/RPS18/EIF3K/RPL13A/RPL32/RPS9/RPLP0/RPLP2/RPL35/RPL8/RPSA/RPS15/RPS23/RPL23A/RPL36/RPL30/FAU/RPS19/RPS11/RPL24/RPS20/RPL29/EIF3M/RPL23/RPS7/RPL34/RPS3/RPS24/RPS29/RPL27/RPL10A/RPS25/RPL27A/MIF4GD/RPL35A/RPL38/RPL7/RPL31/RPL7A/EIF3E/RPS27A/RPS3A/FTSJ1/EIF3G/RPS12/RPS17/RPS15A/RPL19/RPL21/RPS4X/ZC3H15/RPL17/RPL28/RPL22L1/RPL9/DHX29/RWDD1/SYNCRIP/RPL26L1/RPS10/RPS27/RPS28,80
BP,GO:0061644,protein localization to CENP-A containing chromatin,18/3689,18/13192,1.0611153874223611e-10,2.942472969322207e-7,2.942472969322207e-7,H4C9/H4C1/H2AC8/H4C6/H4C4/H4C3/H4C12/H4C5/H4C2/H4C16/H2BC11/H4C8/H2AC4/H4C11/H4C13/H4C15/H4C14/CENPA,18
BP,GO:0045653,negative regulation of megakaryocyte differentiation,18/3689,19/13192,1.483886181828207e-9,2.743210921473079e-6,2.743210921473079e-6,PRMT1/H4C9/H4C1/H4C6/H4C4/H4C3/H4C12/H4C5/H4C2/H4C16/H4C8/H4C11/CIB1/PF4/H4C13/GABPA/H4C15/H4C14,18
BP,GO:0006334,nucleosome assembly,55/3689,98/13192,4.128407972781162e-9,5.724037654261081e-6,5.724037654261081e-6,H4C9/H2BC13/H4C1/H4C6/H3C10/H2BC15/H1-4/H3C8/H4C4/H3C7/H1-10/H4C3/H2BC10/H1-3/H3C2/H3C1/H1-2/H4C12/H2BC17/H4C5/H1-5/H4C2/H4C16/H2BC11/H4C8/H3C13/H2BC8/H4C11/H3C3/H2BC9/KAT6A/NPM1/H2BC7/GRWD1/H3C14/UBN1/HAT1/ASF1A/H2AX/H4C13/H2BC6/H3C11/H2BC3/H3C6/H1-0/NASP/TSPYL4/H3C12/H4C15/NAP1L2/H3C15/H2BC14/H4C14/NAP1L3/TSPYL6,55
BP,GO:0034728,nucleosome organization,59/3689,117/13192,2.0682102885606316e-7,2.074181417915503e-4,2.074181417915503e-4,H4C9/H2BC13/H4C1/H4C6/H3C10/H2BC15/H1-4/H3C8/H4C4/H3C7/H1-10/H4C3/H2BC10/H1-3/H3C2/H3C1/H1-2/H4C12/H2BC17/H4C5/H2AC25/H1-5/H4C2/H4C16/H2BC11/H4C8/H3C13/H2BC8/H4C11/H3C3/H2BC9/KAT6A/NPM1/ARID1A/H2BC7/GRWD1/H3C14/UBN1/HAT1/SUPT6H/ASF1A/H2AX/H4C13/H2BC6/H3C11/H2BC3/H3C6/H1-0/NASP/TSPYL4/H3C12/H4C15/NAP1L2/H3C15/H2BC14/SMARCE1/H4C14/NAP1L3/TSPYL6,59
BP,GO:0071459,"protein localization to chromosome, centromeric region",27/3689,40/13192,2.2439755693279874e-7,2.074181417915503e-4,2.074181417915503e-4,H4C9/H4C1/H2AC8/H4C6/H4C4/H4C3/H4C12/H4C5/TTK/H4C2/H4C16/H2BC11/H4C8/KNL1/H2AC4/H4C11/CENPQ/JARID2/H4C13/CDK1/KNTC1/ZWILCH/H4C15/MTBP/BUB1B/H4C14/CENPA,27
BP,GO:0045652,regulation of megakaryocyte differentiation,25/3689,36/13192,2.723192900892783e-7,2.157546832621625e-4,2.1575468326216247e-4,PRMT1/H4C9/H4C1/H4C6/H4C4/H4C3/H4C12/H4C5/EIF6/H4C2/H4C16/H4C8/H4C11/CIB1/PF4/PRMT6/H4C13/RCOR1/L3MBTL1/GABPA/MEF2C/H4C15/LOX/H4C14/RAB7B,25
BP,GO:0042255,ribosome assembly,34/3689,62/13192,7.472380188400095e-6,0.005180227565608366,0.005180227565608366,RPS14/DDX28/RPL10/RPS5/ABT1/RPLP0P6/EIF6/RPLP0/ERAL1/RPSA/RPS15/BOP1/RPL23A/RPS19/RPL24/MRPS2/NPM1/EIF1AX/RPL38/MRPS7/BRIX1/EIF2A/TRAF7/RRP7A/RPSA2/MPV17L2/FASTKD2/DHX29/NLE1/MRTO4/NGRN/RPS27/RPS28/MRM2,34
BP,GO:0032543,mitochondrial translation,58/3689,129/13192,2.5656704882358513e-5,0.0158102316975067,0.015810231697506703,MRPS25/MRPL14/MRPS12/SHMT2/MRPL43/COA3/MRPL54/GADD45GIP1/TUFM/MRPL28/MRPS34/MRPL41/MRPS18B/MRPL50/MRPS35/MRPL11/MRPS16/MRPL4/MRPL49/AURKAIP1/MRPL58/MRPS2/MRPL37/MRPS23/MRPL51/MRPS7/MRPL17/MRPL18/MRPL57/MRPS33/MRPL22/RMND1/MRPS18A/TRMT10C/TARS2/MRPL13/RCC1L/MRPL34/MRPL36/MRPL12/MRPL3/MRPL40/MRPS26/MRPL27/CHCHD1/MRPS5/MRPL55/MRPL1/MPV17L2/FASTKD2/MRPL15/MRPL39/TACO1/MRPL24/NGRN/MRPS17/MRPL23/MRPL38,58
BP,GO:0061844,antimicrobial humoral immune response mediated by antimicrobial peptide,25/3689,44/13192,5.4198418748197886e-5,0.029579232166760547,0.029579232166760547,PPBP/RPL39/H2BC10/H2BC12/PF4V1/H2BC11/RPL30/FAU/RPS19/GAPDH/H2BC8/H2BC7/PF4/RNASE6/H2BC6/FAM3A/ROMO1/CXCL5/ELANE/CXCL10/S100A12/LEAP2/PGC/CXCL9/CXCL1,25
BP,GO:0009206,purine ribonucleoside triphosphate biosynthetic process,45/3689,96/13192,5.8667788286037864e-5,0.029579232166760547,0.029579232166760547,ATP5MC2/ATP5MC3/ATP5F1C/NME3/STOML2/NDUFA8/SDHC/ENO1/NDUFB7/ATP5F1D/NDUFS3/TMSB4X/NDUFS7/NDUFC2/ANTKMT/SDHD/ATP5F1B/NDUFB11/NDUFB6/PPARA/ATP5MK/NDUFA5/ATP5MC1/NDUFB5/NDUFA2/ATP5F1A/NME9/NDUFV1/ATP5PD/NDUFS4/NDUFA1/ATP5MJ/NDUFB2/ATP5F1E/NDUFS8/NME4/DNAJC30/ADCY10/NME1/ATP5PO/LIPA/ATP5PF/UQCC3/ALDOA/NUDT2,45
BP,GO:0019730,antimicrobial humoral response,35/3689,70/13192,7.479787036196724e-5,0.03199231234153316,0.03199231234153315,PPBP/RPL39/H2BC10/H2BC12/PF4V1/H2BC11/RPL30/FAU/RPS19/GAPDH/H2BC8/H2BC7/PF4/RNASE6/H2BC6/FAM3A/HLA-A/ROMO1/CXCL5/PRSS2/ELANE/JCHAIN/IGHE/CXCL10/S100A12/IGHA2/IGHM/IGHA1/LEAP2/IGKV3-20/IGHG4/PGC/CXCL9/AZU1/CXCL1,35
BP,GO:0009145,purine nucleoside triphosphate biosynthetic process,45/3689,97/13192,8.007516287602806e-5,0.03199231234153316,0.03199231234153315,ATP5MC2/ATP5MC3/ATP5F1C/NME3/STOML2/NDUFA8/SDHC/ENO1/NDUFB7/ATP5F1D/NDUFS3/TMSB4X/NDUFS7/NDUFC2/ANTKMT/SDHD/ATP5F1B/NDUFB11/NDUFB6/PPARA/ATP5MK/NDUFA5/ATP5MC1/NDUFB5/NDUFA2/ATP5F1A/NME9/NDUFV1/ATP5PD/NDUFS4/NDUFA1/ATP5MJ/NDUFB2/ATP5F1E/NDUFS8/NME4/DNAJC30/ADCY10/NME1/ATP5PO/LIPA/ATP5PF/UQCC3/ALDOA/NUDT2,45
BP,GO:0006119,oxidative phosphorylation,54/3689,122/13192,8.075953349828059e-5,0.03199231234153316,0.03199231234153315,NDUFA4/SHMT2/ATP5F1C/COX7C/UQCRC1/COX6A1/CYC1/STOML2/NDUFA8/SDHC/UQCRH/COX4I1/CHCHD2/UQCRQ/NDUFB7/ATP5F1D/COX8A/NDUFS3/NDUFS7/NDUFC2/ANTKMT/SDHD/COX5B/ATP5F1B/NDUFB11/NDUFB6/NDUFA5/COX6B1/NDUFB5/COX7A2L/NDUFA2/COX7A2/UQCR10/ATP5F1A/PARK7/CDK1/NDUFV1/ATP5PD/COX7B/NDUFS4/NDUFA1/CCNB1/CHCHD10/NDUFB2/ATP5F1E/NDUFS8/DNAJC30/UQCR11/ATP5PO/ATP5PF/COA6/UQCC3/TNF/UQCRHL,54
BP,GO:0006754,ATP biosynthetic process,41/3689,87/13192,1.0594651830128896e-4,0.03726180871901162,0.03726180871901162,ATP5MC2/ATP5MC3/ATP5F1C/STOML2/NDUFA8/SDHC/ENO1/NDUFB7/ATP5F1D/NDUFS3/TMSB4X/NDUFS7/NDUFC2/ANTKMT/SDHD/ATP5F1B/NDUFB11/NDUFB6/PPARA/ATP5MK/NDUFA5/ATP5MC1/NDUFB5/NDUFA2/ATP5F1A/NDUFV1/ATP5PD/NDUFS4/NDUFA1/ATP5MJ/NDUFB2/ATP5F1E/NDUFS8/DNAJC30/ADCY10/ATP5PO/LIPA/ATP5PF/UQCC3/ALDOA/NUDT2,41
BP,GO:0015986,proton motive force-driven ATP synthesis,33/3689,66/13192,1.1899436268441278e-4,0.03726180871901162,0.03726180871901162,ATP5MC2/ATP5MC3/ATP5F1C/STOML2/NDUFA8/SDHC/NDUFB7/ATP5F1D/NDUFS3/NDUFS7/NDUFC2/ANTKMT/SDHD/ATP5F1B/NDUFB11/NDUFB6/ATP5MK/NDUFA5/ATP5MC1/NDUFB5/NDUFA2/ATP5F1A/NDUFV1/ATP5PD/NDUFS4/NDUFA1/ATP5MJ/NDUFB2/ATP5F1E/NDUFS8/DNAJC30/ATP5PO/ATP5PF,33
BP,GO:0042773,ATP synthesis coupled electron transport,39/3689,82/13192,1.2093627063509002e-4,0.03726180871901162,0.03726180871901162,NDUFA4/COX7C/UQCRC1/COX6A1/CYC1/NDUFA8/SDHC/UQCRH/COX4I1/CHCHD2/UQCRQ/NDUFB7/COX8A/NDUFS3/NDUFS7/NDUFC2/SDHD/COX5B/NDUFB6/NDUFA5/COX6B1/NDUFB5/COX7A2L/NDUFA2/COX7A2/UQCR10/PARK7/CDK1/NDUFV1/COX7B/NDUFS4/NDUFA1/CCNB1/NDUFB2/NDUFS8/UQCR11/COA6/UQCC3/UQCRHL,39
BP,GO:0042775,mitochondrial ATP synthesis coupled electron transport,39/3689,82/13192,1.2093627063509002e-4,0.03726180871901162,0.03726180871901162,NDUFA4/COX7C/UQCRC1/COX6A1/CYC1/NDUFA8/SDHC/UQCRH/COX4I1/CHCHD2/UQCRQ/NDUFB7/COX8A/NDUFS3/NDUFS7/NDUFC2/SDHD/COX5B/NDUFB6/NDUFA5/COX6B1/NDUFB5/COX7A2L/NDUFA2/COX7A2/UQCR10/PARK7/CDK1/NDUFV1/COX7B/NDUFS4/NDUFA1/CCNB1/NDUFB2/NDUFS8/UQCR11/COA6/UQCC3/UQCRHL,39
BP,GO:0140053,mitochondrial gene expression,67/3689,162/13192,1.548490089895409e-4,0.04519961072926283,0.04519961072926283,MRPS25/MRPL14/HSD17B10/MRPS12/SHMT2/MRPL43/COA3/MRPL54/GADD45GIP1/TBRG4/TUFM/MRPL28/MRPS34/MRPL41/MRPS18B/MRPL50/MRPS35/MRPL11/THAP11/MRPS16/MRPL4/MRPL49/AURKAIP1/MRPL58/MRPS2/MRPL37/MRPS23/FOXO3/FASTK/MRPL51/MRPS7/MRPL17/MRPL18/MRPL57/MRPS33/MRPL22/RMND1/POLRMT/MRPS18A/TRMT10C/TARS2/MRPL13/FASTKD1/RCC1L/MRPL34/MRPL36/MRPL12/CHCHD10/MRPL3/MRPL40/MRPS26/MRPL27/CHCHD1/MRPS5/MRPL55/MRPL1/MPV17L2/FASTKD2/MRPL15/MRPL39/TACO1/MRPL24/MTERF1/NGRN/MRPS17/MRPL23/MRPL38,67
CC,GO:0044391,ribosomal subunit,122/3861,182/13769,4.5257974700722495e-28,3.15900663411043e-25,2.9822623329107668e-25,RPL18A/RPS14/MRPS25/RPL39/IMP3/RPL18/RPS16/RPL10/MRPL14/RPS5/RPS2/RPL41/RPL37A/RPS13/RPS21/MRPS12/RPLP1/RPL13/MRPL43/RPLP0P6/RPL15/UBA52/RPS18/RPL13A/RPL32/MRPL54/RPS9/RPLP0/RPLP2/RPL35/RPL8/GADD45GIP1/RPSA/RPS15/RPS23/RPL23A/MRPL28/RPL36/RPL30/FAU/MRPS34/MRPL41/RPS19/RPS11/MRPS18B/RPL24/MRPL50/MRPS35/MRPL11/RPS20/MRPS16/RPL29/SNU13/MRPL4/RPL23/RPS7/RPL34/RPS3/RPS24/RPS29/MRPL49/AURKAIP1/MRPL58/RPL27/RPL10A/RPS25/MRPS2/MRPL37/NPM1/RPL27A/MRPS23/RPL35A/MRPL51/RPL38/RPL7/RPL31/MRPS7/MRPL17/MRPL18/RPL7A/RPS27A/MRPL57/RPS3A/RPS12/MRPS33/RPS17/RPS15A/MRPL22/EIF2A/RPL19/MRPS18A/RPL21/RPS4X/MRPL13/MRPL34/MRPL36/RPSA2/MRPL12/RPL17/RPL28/MRPL3/MRPL40/MRPS26/MRPL27/CHCHD1/MRPS5/RPL9/MRPL55/MRPL1/MPV17L2/DHX29/MRPL15/MRPL39/MRPL24/RPL26L1/RPS10/MRPS17/MRPL23/RPS27/MRPL38/RPL39L/RPS28,122
CC,GO:0005840,ribosome,130/3861,222/13769,9.618012353177765e-22,3.3566863112590396e-19,3.168881964783832e-19,RPL18A/RPS14/MRPS25/RPL39/IMP3/RPL18/RPS16/RPL10/MRPL14/RPS5/RPS2/RPL41/RPL37A/RPS13/RPS21/MRPS12/RPLP1/RPL13/MRPL43/RPLP0P6/RPL15/UBA52/RPS18/RPL13A/RPL32/MRPL54/RPS9/RPLP0/RPLP2/RPL35/RPL8/GADD45GIP1/RPSA/RPS15/RPS23/EEF1A1/RPL23A/RSL24D1/MRPL28/RPL36/RPL30/FAU/MRPS34/MRPL41/RPS19/RPS11/MRPS18B/RPL24/MRPL50/MRPS35/MRPL11/RPS20/MRPS16/RPL29/SNU13/MRPL4/RPL23/RPS7/RPL34/RPS3/RPS24/RPS29/MRPL49/AURKAIP1/MRPL58/RPL27/RPL10A/RPS25/MRPS2/ABCE1/MRPL37/NPM1/RPL27A/MRPS23/RPL35A/MRPL51/RPL38/RPL7/RPL31/MRPS7/MRPL17/MRPL18/RPL7A/APEX1/RPS27A/MRPL57/RPS3A/RPS12/MRPS33/RPS17/RPS15A/MRPL22/EIF2A/RPL19/MRPS18A/RPL21/RPS4X/MRPL13/MRPL34/MRPL36/RPSA2/MRPL12/RPL17/RRBP1/RPL28/MRPL3/MRPL40/MRPS26/MRPL27/CHCHD1/RPL22L1/MRPS5/RPL9/MRPL55/LTN1/MRPL1/MPV17L2/DHX29/MRPL15/MRPL39/MRPL24/RPL26L1/RPS10/RNF25/MRPS17/MRPL23/RPS27/MRPL38/RPL39L/RPS28,130
CC,GO:0000786,nucleosome,75/3861,108/13769,3.811486727631972e-19,8.86805911962372e-17,8.371897163149524e-17,H4C9/H2BC13/H4C1/H2AC11/H2AC8/H4C6/H3C10/H2BC15/H1-4/H3C8/H4C4/H3C7/RUVBL2/H1-10/MPHOSPH8/H4C3/H2BC10/H1-3/H3C2/H3C1/H1-2/H2BC26/H4C12/H2BC17/H4C5/H2AC20/H2AC25/H2BC12/H2AC13/H1-5/ACTR6/H4C2/H4C16/H2BC11/H2AZ1/H4C8/H3C13/H2AC12/VPS72/H2AC4/ZNHIT1/H2AC21/H2BC8/H2AC6/H4C11/H3C3/H2AC15/H2BC9/KAT6A/H2AJ/ING3/H2BC7/YEATS4/H3C14/H2AX/H4C13/H2BC6/H3C11/H2BC3/H2AC16/H2BC5/H2AC18/TRRAP/EP400/H3C6/H1-0/H3C12/H4C15/H2BC18/H2AC19/H3C15/H2BC14/SLF1/H4C14/CENPA,75
CC,GO:0022626,cytosolic ribosome,76/3861,112/13769,1.8549612059812474e-18,3.2369073044372766e-16,3.055804513011213e-16,RPL18A/RPS14/RPL39/RPL18/RPS16/RPL10/RPS5/RPS2/RPL41/RPL37A/RPS13/RPS21/RPLP1/RPL13/RPLP0P6/RPL15/UBA52/RPS18/RPL13A/RPL32/RPS9/RPLP0/RPLP2/RPL35/RPL8/RPSA/RPS15/RPS23/EEF1A1/RPL23A/RPL36/RPL30/FAU/RPS19/RPS11/RPL24/RPS20/RPL29/SNU13/RPL23/RPS7/RPL34/RPS3/RPS24/RPS29/RPL27/RPL10A/RPS25/ABCE1/RPL27A/RPL35A/RPL38/RPL7/RPL31/RPL7A/RPS27A/RPS3A/RPS12/RPS17/RPS15A/EIF2A/RPL19/RPL21/RPS4X/RPSA2/RPL17/RPL28/RPL9/LTN1/DHX29/RPL26L1/RPS10/RNF25/RPS27/RPL39L/RPS28,76
CC,GO:0015934,large ribosomal subunit,74/3861,112/13769,5.205383288498695e-17,7.266715070744178e-15,6.860147239158282e-15,RPL18A/RPL39/RPL18/RPL10/MRPL14/RPL41/RPL37A/RPLP1/RPL13/MRPL43/RPLP0P6/RPL15/UBA52/RPL13A/RPL32/MRPL54/RPLP0/RPLP2/RPL35/RPL8/GADD45GIP1/RPL23A/MRPL28/RPL36/RPL30/MRPL41/RPL24/MRPL50/MRPL11/RPL29/SNU13/MRPL4/RPL23/RPL34/MRPL49/MRPL58/RPL27/RPL10A/MRPL37/NPM1/RPL27A/RPL35A/MRPL51/RPL38/RPL7/RPL31/MRPL17/MRPL18/RPL7A/MRPL57/MRPL22/RPL19/MRPS18A/RPL21/MRPL13/MRPL34/MRPL36/MRPL12/RPL17/RPL28/MRPL3/MRPL40/MRPL27/RPL9/MRPL55/MRPL1/MPV17L2/MRPL15/MRPL39/MRPL24/RPL26L1/MRPL23/MRPL38/RPL39L,74
CC,GO:0015935,small ribosomal subunit,51/3861,74/13769,3.0010642754180857e-13,3.491238107069706e-11,3.295905677915301e-11,RPS14/MRPS25/IMP3/RPS16/RPS5/RPS2/RPS13/RPS21/MRPS12/UBA52/RPS18/RPS9/RPSA/RPS15/RPS23/FAU/MRPS34/RPS19/RPS11/MRPS18B/MRPS35/RPS20/MRPS16/RPS7/RPS3/RPS24/RPS29/AURKAIP1/RPS25/MRPS2/NPM1/MRPS23/MRPS7/RPS27A/RPS3A/RPS12/MRPS33/RPS17/RPS15A/EIF2A/MRPS18A/RPS4X/RPSA2/MRPS26/CHCHD1/MRPS5/DHX29/RPS10/MRPS17/RPS27/RPS28,51
CC,GO:0022627,cytosolic small ribosomal subunit,33/3861,40/13769,1.11447185432368e-12,1.1112876490256123e-10,1.0491118508370282e-10,RPS14/RPS16/RPS5/RPS2/RPS13/RPS21/UBA52/RPS18/RPS9/RPSA/RPS15/RPS23/FAU/RPS19/RPS11/RPS20/RPS7/RPS3/RPS24/RPS29/RPS25/RPS27A/RPS3A/RPS12/RPS17/RPS15A/EIF2A/RPS4X/RPSA2/DHX29/RPS10/RPS27/RPS28,33
CC,GO:0022625,cytosolic large ribosomal subunit,40/3861,56/13769,1.8621402171771875e-11,1.624717339487096e-9,1.533815494674894e-9,RPL18A/RPL39/RPL18/RPL10/RPL41/RPL37A/RPLP1/RPL13/RPLP0P6/RPL15/UBA52/RPL13A/RPL32/RPLP0/RPLP2/RPL35/RPL8/RPL23A/RPL36/RPL30/RPL24/RPL29/SNU13/RPL23/RPL34/RPL27/RPL10A/RPL27A/RPL35A/RPL38/RPL7/RPL31/RPL7A/RPL19/RPL21/RPL17/RPL28/RPL9/RPL26L1/RPL39L,40
CC,GO:0043505,CENP-A containing nucleosome,18/3861,18/13769,1.1167224732110943e-10,7.794722863013438e-9,7.358613349791001e-9,H4C9/H4C1/H2AC8/H4C6/H4C4/H4C3/H4C12/H4C5/H4C2/H4C16/H2BC11/H4C8/H2AC4/H4C11/H4C13/H4C15/H4C14/CENPA,18
CC,GO:0061638,CENP-A containing chromatin,18/3861,18/13769,1.1167224732110943e-10,7.794722863013438e-9,7.358613349791001e-9,H4C9/H4C1/H2AC8/H4C6/H4C4/H4C3/H4C12/H4C5/H4C2/H4C16/H2BC11/H4C8/H2AC4/H4C11/H4C13/H4C15/H4C14/CENPA,18
CC,GO:0098798,mitochondrial protein-containing complex,124/3861,274/13769,6.467028097464935e-10,4.103623283664113e-8,3.8740283148450236e-8,NDUFA4/MRPS25/MRPL14/HSD17B10/ATP5MC2/ATP5MC3/MRPS12/SLC25A6/MRPL43/ATP5F1C/COX7C/UQCRC1/MRPL54/TIMM13/TOMM7/COX6A1/CYC1/NDUFA8/SDHC/UQCRH/GADD45GIP1/PHB1/MICOS13/SMDT1/COX4I1/UQCRQ/TIMM50/TOMM22/NDUFB7/ATP5F1D/MRPL28/IDH3B/COX8A/MRPS34/NDUFS3/MRPL41/NDUFS7/MRPS18B/MRPL50/NDUFC2/MRPS35/MRPL11/PHB2/MRPS16/SDHD/COX5B/MRPL4/ATP5F1B/NDUFB11/NDUFB6/ATP5MK/NDUFA5/MRPL49/AURKAIP1/MRPL58/ATP5MC1/MRPS2/MRPL37/COX6B1/NDUFB5/MRPS23/TIMM8B/COX7A2L/NDUFA2/COX7A2/MRPL51/UQCR10/MRPS7/MRPL17/MRPL18/ATP5F1A/MRPL57/TOMM40/NDUFV1/MRPS33/ATP5PD/TIMM17B/MRPS36/MTX2/MRPL22/POLRMT/TIMM9/COX7B/MRPS18A/TRMT10C/IDH3G/TIMM10/NDUFS4/NDUFA1/MRPL13/BAX/MRPL34/MRPL36/SLC25A5/TRMT10B/MRPL12/CHCHD10/MRPL3/ATP5MJ/NDUFB2/ATP5F1E/MRPL40/NDUFS8/MRPS26/PAM16/MRPL27/CHCHD1/MRPS5/MRPL55/ROMO1/MRPL1/MPV17L2/MRPL15/UQCR11/MRPL39/MICU3/ATP5PO/MRPL24/ATP5PF/MRPS17/MRPL23/MRPL38/UQCRHL/C15orf48,124
CC,GO:0034506,"chromosome, centromeric core domain",18/3861,19/13769,1.5600087520288355e-9,9.074050907634392e-8,8.566363848860098e-8,H4C9/H4C1/H2AC8/H4C6/H4C4/H4C3/H4C12/H4C5/H4C2/H4C16/H2BC11/H4C8/H2AC4/H4C11/H4C13/H4C15/H4C14/CENPA,18
CC,GO:0019814,immunoglobulin complex,45/3861,79/13769,6.297302275597377e-8,3.381166914128438e-6,3.1919928943513835e-6,CD79B/TMIGD2/IGLV3-25/IGLC2/IGHV5-51/IGKV4-1/IGLC3/IGLC7/IGLV8-61/CD79A/IGLV3-19/JCHAIN/IGHE/IGHV3-33/IGKV2-28/IGLL5/IGLV3-21/IGLV1-44/IGLV2-14/IGHA2/IGHV1-18/IGKV2D-28/IGHV3-74/IGHM/IGLV4-69/IGKC/IGHA1/IGKV3-15/IGHV1-69D/IGKV1-17/IGKV3-20/IGHG4/IGHV3-23/IGHV6-1/IGHV3-48/IGLV3-9/IGHV4-34/IGKV2-30/IGLV2-23/IGKV1-12/IGHV3-21/IGHV3-15/IGLV1-40/IGHV1-3/IGLV7-46,45
CC,GO:0000313,organellar ribosome,48/3861,88/13769,1.4469498791529998e-7,6.733140104325293e-6,6.356425434033529e-6,MRPS25/MRPL14/MRPS12/MRPL43/MRPL54/GADD45GIP1/MRPL28/MRPS34/MRPL41/MRPS18B/MRPL50/MRPS35/MRPL11/MRPS16/MRPL4/MRPL49/AURKAIP1/MRPL58/MRPS2/MRPL37/MRPS23/MRPL51/MRPS7/MRPL17/MRPL18/MRPL57/MRPS33/MRPL22/MRPS18A/MRPL13/MRPL34/MRPL36/MRPL12/MRPL3/MRPL40/MRPS26/MRPL27/CHCHD1/MRPS5/MRPL55/MRPL1/MPV17L2/MRPL15/MRPL39/MRPL24/MRPS17/MRPL23/MRPL38,48
CC,GO:0005761,mitochondrial ribosome,48/3861,88/13769,1.4469498791529998e-7,6.733140104325293e-6,6.356425434033529e-6,MRPS25/MRPL14/MRPS12/MRPL43/MRPL54/GADD45GIP1/MRPL28/MRPS34/MRPL41/MRPS18B/MRPL50/MRPS35/MRPL11/MRPS16/MRPL4/MRPL49/AURKAIP1/MRPL58/MRPS2/MRPL37/MRPS23/MRPL51/MRPS7/MRPL17/MRPL18/MRPL57/MRPS33/MRPL22/MRPS18A/MRPL13/MRPL34/MRPL36/MRPL12/MRPL3/MRPL40/MRPS26/MRPL27/CHCHD1/MRPS5/MRPL55/MRPL1/MPV17L2/MRPL15/MRPL39/MRPL24/MRPS17/MRPL23/MRPL38,48
CC,GO:0005743,mitochondrial inner membrane,173/3861,441/13769,1.669269994604705e-7,7.282190351463026e-6,6.8747566883062204e-6,NDUFA4/MRPS25/MRPL14/ATP5MC2/ATP5MC3/MRPS12/SHMT2/SLC25A6/MRPL43/ATP5F1C/COX7C/COA3/HIGD1A/UQCRC1/MRPL54/TIMM13/NDUFAF3/COX6A1/CYC1/STOML2/NDUFA8/SDHC/UQCRH/TMEM14C/ERAL1/GADD45GIP1/PHB1/TMEM160/MICOS13/SMDT1/COX4I1/DMAC1/UQCRQ/TIMM50/NDUFB7/ATP5F1D/MRPL28/SLC25A1/COX8A/MRPS34/NDUFS3/MRPL41/NDUFS7/MRPS18B/MRPL50/NDUFC2/MRPS35/MRPL11/PHB2/ENDOG/MRPS16/SDHD/COX5B/MRPL4/ATP5F1B/NDUFB11/HIGD2A/NDUFB6/RPS3/ATP5MK/NDUFA5/MRPL49/AURKAIP1/MRPL58/ATP5MC1/TMEM126A/MRPS2/MRPL37/COX6B1/NDUFB5/OMA1/CKMT2/MRPS23/SLC25A19/TIMM8B/COX7A2L/ECSIT/NDUFA2/COX7A2/MRPL51/UQCR10/SURF1/MRPS7/NDUFAF4/UQCC4/MRPL17/MRPL18/MTLN/ATP5F1A/TMEM223/MRPL57/TOMM40/TMEM11/NDUFV1/MRPS33/ATP5PD/TIMM17B/MRPS36/MTX2/TMEM126B/MRPL22/TIMM9/COX7B/MRPS18A/MTHFD2L/TIMM10/NDUFS4/NDUFA1/MRPL13/SLC25A36/RCC1L/MRPL34/CYP27A1/MRPL36/SLC25A5/TRMT10B/MRPL12/CHCHD10/UCP3/MRPL3/ATP5MJ/NDUFB2/ATP5F1E/MRPL40/NDUFS8/SMIM20/BCL2L1/MRPS26/PAM16/MRPL27/CHCHD1/MRPS5/MRPL55/SLC25A40/ROMO1/SLC25A20/MRPL1/MPV17L2/NME4/MRPL15/DNAJC30/UQCR11/MRPL39/FDXR/PLA2G4A/MICU3/CRAT/LYN/SLC25A11/ATP5PO/LDHB/MRPL24/LDHD/SLC25A39/ATP5PF/UQCC3/TMEM186/MRPS17/GCAT/TMEM177/MRPL23/CLU/MRPL38/SLC25A37/SLC25A10/SLC25A2/CYP11B1/MTFP1/UQCRHL/GATM/NEU4/C15orf48/IFI6,173
CC,GO:0000315,organellar large ribosomal subunit,33/3861,55/13769,7.023560854966171e-7,2.723580820425771e-5,2.5711983012917097e-5,MRPL14/MRPL43/MRPL54/GADD45GIP1/MRPL28/MRPL41/MRPL50/MRPL11/MRPL4/MRPL49/MRPL58/MRPL37/MRPL51/MRPL17/MRPL18/MRPL57/MRPL22/MRPS18A/MRPL13/MRPL34/MRPL36/MRPL12/MRPL3/MRPL40/MRPL27/MRPL55/MRPL1/MPV17L2/MRPL15/MRPL39/MRPL24/MRPL23/MRPL38,33
CC,GO:0005762,mitochondrial large ribosomal subunit,33/3861,55/13769,7.023560854966171e-7,2.723580820425771e-5,2.5711983012917097e-5,MRPL14/MRPL43/MRPL54/GADD45GIP1/MRPL28/MRPL41/MRPL50/MRPL11/MRPL4/MRPL49/MRPL58/MRPL37/MRPL51/MRPL17/MRPL18/MRPL57/MRPL22/MRPS18A/MRPL13/MRPL34/MRPL36/MRPL12/MRPL3/MRPL40/MRPL27/MRPL55/MRPL1/MPV17L2/MRPL15/MRPL39/MRPL24/MRPL23/MRPL38,33
CC,GO:0019866,organelle inner membrane,183/3861,489/13769,2.9251444771182323e-6,1.0746057079097506e-4,1.0144822397097028e-4,NDUFA4/MRPS25/MRPL14/ATP5MC2/ATP5MC3/MRPS12/SHMT2/SLC25A6/MRPL43/ATP5F1C/COX7C/COA3/HIGD1A/UQCRC1/MRPL54/TIMM13/NDUFAF3/COX6A1/CYC1/STOML2/NDUFA8/SDHC/UQCRH/TMEM14C/ERAL1/GADD45GIP1/PHB1/TMEM160/MICOS13/SMDT1/COX4I1/DMAC1/UQCRQ/TIMM50/NDUFB7/ATP5F1D/MRPL28/SLC25A1/COX8A/MRPS34/NDUFS3/MRPL41/NDUFS7/MRPS18B/MRPL50/NDUFC2/MRPS35/MRPL11/PHB2/ENDOG/MRPS16/SDHD/COX5B/MRPL4/ATP5F1B/NDUFB11/HIGD2A/NDUFB6/RPS3/ATP5MK/NDUFA5/MRPL49/AURKAIP1/MRPL58/ATP5MC1/TMEM126A/MRPS2/MRPL37/COX6B1/NDUFB5/OMA1/CKMT2/MRPS23/SLC25A19/TIMM8B/COX7A2L/ECSIT/NDUFA2/COX7A2/MRPL51/UQCR10/SURF1/MRPS7/NDUFAF4/UQCC4/MRPL17/MRPL18/MTLN/ATP5F1A/TMEM223/MRPL57/TOMM40/TMEM11/TMX4/NDUFV1/MRPS33/ATP5PD/TIMM17B/MRPS36/MTX2/TMEM126B/MRPL22/TIMM9/COX7B/MRPS18A/MTHFD2L/TIMM10/NDUFS4/NDUFA1/MRPL13/SLC25A36/RCC1L/CBX3/MRPL34/CYP27A1/MRPL36/SLC25A5/TRMT10B/MRPL12/CHCHD10/SIGMAR1/UCP3/MRPL3/ATP5MJ/NDUFB2/ATP5F1E/MRPL40/NDUFS8/SMIM20/BCL2L1/MRPS26/PAM16/MRPL27/CHCHD1/MRPS5/MRPL55/SLC25A40/ROMO1/SLC25A20/MRPL1/MPV17L2/NME4/MRPL15/DNAJC30/UQCR11/TM7SF2/MRPL39/FDXR/TMEM120A/PLA2G4A/MICU3/CRAT/LYN/SLC25A11/ATP5PO/LDHB/MRPL24/LDHD/SLC25A39/ATP5PF/RNF13/FAM209A/UQCC3/TMEM186/MRPS17/GCAT/TMEM177/FAM209B/MRPL23/CLU/MRPL38/SLC25A37/DPY19L2/SLC25A10/SLC25A2/IFI27/CYP11B1/MTFP1/UQCRHL/GATM/NEU4/C15orf48/IFI6,183
CC,GO:0098800,inner mitochondrial membrane protein complex,63/3861,136/13769,3.920546751076064e-6,1.3682708161255464e-4,1.2917169821966403e-4,NDUFA4/ATP5MC2/ATP5MC3/SLC25A6/ATP5F1C/COX7C/UQCRC1/COX6A1/CYC1/NDUFA8/SDHC/UQCRH/PHB1/MICOS13/SMDT1/COX4I1/UQCRQ/TIMM50/NDUFB7/ATP5F1D/COX8A/NDUFS3/NDUFS7/NDUFC2/PHB2/SDHD/COX5B/ATP5F1B/NDUFB11/NDUFB6/ATP5MK/NDUFA5/ATP5MC1/COX6B1/NDUFB5/COX7A2L/NDUFA2/COX7A2/UQCR10/ATP5F1A/NDUFV1/ATP5PD/TIMM17B/MTX2/TIMM9/COX7B/TIMM10/NDUFS4/NDUFA1/TRMT10B/CHCHD10/ATP5MJ/NDUFB2/ATP5F1E/NDUFS8/PAM16/ROMO1/UQCR11/MICU3/ATP5PO/ATP5PF/UQCRHL/C15orf48,63
CC,GO:0070069,cytochrome complex,19/3861,29/13769,2.9018071832363705e-5,9.242906135385288e-4,8.725771739935441e-4,NDUFA4/COX7C/UQCRC1/COX6A1/CYC1/UQCRH/COX4I1/UQCRQ/COX8A/COX5B/COX6B1/COX7A2L/COX7A2/UQCR10/COX7B/UQCR11/COA6/UQCRHL/C15orf48,19
CC,GO:0098803,respiratory chain complex,36/3861,70/13769,2.9132368908091166e-5,9.242906135385288e-4,8.725771739935441e-4,NDUFA4/COX7C/UQCRC1/COX6A1/CYC1/NDUFA8/SDHC/UQCRH/COX4I1/UQCRQ/NDUFB7/COX8A/NDUFS3/NDUFS7/NDUFC2/SDHD/COX5B/NDUFB11/NDUFB6/NDUFA5/COX6B1/NDUFB5/COX7A2L/NDUFA2/COX7A2/UQCR10/NDUFV1/COX7B/NDUFS4/NDUFA1/NDUFB2/NDUFS8/UQCR11/COA6/UQCRHL/C15orf48,36
CC,GO:0070469,respirasome,40/3861,81/13769,3.656993020966077e-5,0.0011098178820149226,0.00104772431630424,NDUFA4/COX7C/HIGD1A/UQCRC1/COX6A1/CYC1/NDUFA8/SDHC/UQCRH/COX4I1/UQCRQ/NDUFB7/COX8A/NDUFS3/NDUFS7/NDUFC2/SDHD/COX5B/NDUFB11/HIGD2A/NDUFB6/NDUFA5/COX6B1/NDUFB5/COX7A2L/NDUFA2/COX7A2/UQCR10/SURF1/UQCC4/NDUFV1/COX7B/NDUFS4/NDUFA1/NDUFB2/NDUFS8/UQCR11/COA6/UQCRHL/C15orf48,40
CC,GO:0005753,mitochondrial proton-transporting ATP synthase complex,13/3861,18/13769,1.2518761371772756e-4,0.0035332655623226037,0.0033355817252510183,ATP5MC2/ATP5MC3/ATP5F1C/ATP5F1D/ATP5F1B/ATP5MK/ATP5MC1/ATP5F1A/ATP5PD/ATP5MJ/ATP5F1E/ATP5PO/ATP5PF,13
CC,GO:0005746,mitochondrial respirasome,36/3861,74/13769,1.3046496990291878e-4,0.0035332655623226037,0.0033355817252510183,NDUFA4/COX7C/UQCRC1/COX6A1/CYC1/NDUFA8/SDHC/UQCRH/COX4I1/UQCRQ/NDUFB7/COX8A/NDUFS3/NDUFS7/NDUFC2/SDHD/COX5B/NDUFB11/NDUFB6/NDUFA5/COX6B1/NDUFB5/COX7A2L/NDUFA2/COX7A2/UQCR10/SURF1/NDUFV1/COX7B/NDUFS4/NDUFA1/NDUFB2/NDUFS8/UQCR11/UQCRHL/C15orf48,36
CC,GO:0042788,polysomal ribosome,18/3861,29/13769,1.3384721959296445e-4,0.0035332655623226037,0.0033355817252510183,RPL18A/RPL39/RPL18/RPL41/RPS21/RPL32/RPL8/RPS23/RPL36/RPL30/RPL24/RPS29/RPL10A/RPL38/RPL31/RPL7A/RPL19/RPS28,18
CC,GO:0005844,polysome,31/3861,61/13769,1.366735962503013e-4,0.0035332655623226037,0.0033355817252510183,RPL18A/RPL39/RPL18/RPL41/RPS21/RPL32/MYH10/RPL8/RPS23/RPL36/RPL30/RPL24/MCRS1/VBP1/RPS3/RPS29/RPL10A/AGO2/RPL38/RPL31/PSMA1/RPL7A/EEF2/RPL19/ATXN2/RPS4X/CALR/LARP7/MSI2/RWDD1/RPS28,31
CC,GO:0045259,proton-transporting ATP synthase complex,13/3861,19/13769,2.944243557660944e-4,0.007339578583026211,0.0069289340868261325,ATP5MC2/ATP5MC3/ATP5F1C/ATP5F1D/ATP5F1B/ATP5MK/ATP5MC1/ATP5F1A/ATP5PD/ATP5MJ/ATP5F1E/ATP5PO/ATP5PF,13
CC,GO:0005685,U1 snRNP,16/3861,27/13769,6.648587440928226e-4,0.016002462185406557,0.015107135165230743,SNRPD2/SNRPE/RNVU1-7/SNRPB/SNRPG/RNVU1-15/RNVU1-8/SNRPD3/SNRPB2/SNRPN/RNU1-4/PRPF40B/RNVU1-4/RNVU1-20/RNVU1-3/RNVU1-2A,16
CC,GO:0097525,spliceosomal snRNP complex,37/3861,82/13769,6.892302579718883e-4,0.016036090668812602,0.01513888215755797,SF3B5/SNRPD2/SNU13/TSSC4/AAR2/LSM2/PHF5A/SNRPE/SF3B6/RNVU1-7/RNU5B-1/SNRPB/RBM42/SNRPG/RNU5A-1/RNVU1-15/SNRNP40/LSM3/RNVU1-8/LSM5/SNRPD3/SNRPB2/DDX39B/RNU11/RNU4-2/RNU4-1/RNU5F-1/SNRPN/RNU1-4/PRPF40B/TAF12-DT/RNU4ATAC/RNVU1-4/RNVU1-20/RNVU1-3/RNVU1-2A/RNU5D-1,37
CC,GO:0045277,respiratory chain complex IV,12/3861,18/13769,7.298055508201192e-4,0.016432395950723974,0.015513014424903044,NDUFA4/COX7C/COX6A1/COX4I1/COX8A/COX5B/COX6B1/COX7A2L/COX7A2/COX7B/COA6/C15orf48,12
CC,GO:0030532,small nuclear ribonucleoprotein complex,40/3861,91/13769,8.11643185583893e-4,0.017703966985548665,0.016713441913668324,SF3B5/SNRPD2/SNU13/TSSC4/AAR2/LSM2/PHF5A/LSM10/SNRPE/SF3B6/RNVU1-7/RNU5B-1/GEMIN4/SNRPB/RBM42/SNRPG/RNU5A-1/RNVU1-15/LARP7/SNRNP40/LSM3/RNVU1-8/LSM5/SNRPD3/SNRPB2/DDX39B/RNU11/RNU4-2/RNU4-1/RNU5F-1/SNRPN/RNU1-4/PRPF40B/TAF12-DT/RNU4ATAC/RNVU1-4/RNVU1-20/RNVU1-3/RNVU1-2A/RNU5D-1,40
CC,GO:0072562,blood microparticle,43/3861,100/13769,9.17850352592774e-4,0.019413925639689585,0.01832772952864678,HSPA8/GRIPAP1/PROS1/PFN1/F13A1/EIF2A/ITGA2B/DNPEP/HBD/CLIC1/IGLV3-25/IGLC2/SERPINF2/IGKV4-1/IGLC3/CIB2/ANXA5/LGALS3BP/CLU/PRSS1/JCHAIN/ITIH2/IGLV3-21/ACSM1/IGHA2/IGKV2D-28/IGHM/IGKC/APOL1/IGHA1/IGKV3-15/C1QB/HPR/IGKV1-17/IGKV3-20/IGHG4/IGHV3-23/IGKV2-30/C1QC/HSPA7/HSPA2/ZNF559-ZNF177/HBB,43
CC,GO:0005687,U4 snRNP,9/3861,12/13769,9.839341784089921e-4,0.02019958989792578,0.01906943639888635,SNRPD2/SNRPE/SNRPB/SNRPG/SNRPD3/DDX39B/RNU4-2/RNU4-1/SNRPN,9
CC,GO:0005751,mitochondrial respiratory chain complex IV,11/3861,17/13769,0.0017665028344890255,0.035229113670666855,0.03325806840271068,NDUFA4/COX7C/COX6A1/COX4I1/COX8A/COX5B/COX6B1/COX7A2L/COX7A2/COX7B/C15orf48,11
CC,GO:0032040,small-subunit processome,32/3861,72/13769,0.002086333128834129,0.040451681220172835,0.038188436802636394,RPS14/IMP3/RPS16/RPS5/RPS13/TBL3/RPS9/IMP4/RPS23/RPS19/RPS11/FBL/SNU13/RPS7/RPS24/RRP9/UTP4/DNTTIP2/RPS27A/RPS3A/RPS19BP1/RPS12/RPS17/RPS15A/KRR1/RRP7A/RPS4X/WDR75/WDR46/NOC4L/RPS27/RPS28,32
MF,GO:0003735,structural constituent of ribosome,110/3719,158/13352,6.728972515963667e-28,7.173084702017269e-25,7.125627737957315e-25,RPL18A/RPS14/MRPS25/RPL39/IMP3/RPL18/RPS16/RPL10/MRPL14/RPS5/RPS2/RPL41/RPL37A/RPS13/RPS21/MRPS12/RPLP1/RPL13/MRPL43/RPLP0P6/RPL15/UBA52/RPS18/RPL13A/RPL32/MRPL54/RPS9/RPLP0/RPLP2/RPL35/RPL8/RPSA/RPS15/RPS23/RPL23A/RSL24D1/MRPL28/RPL36/RPL30/FAU/MRPS34/MRPL41/RPS19/RPS11/MRPS18B/RPL24/MRPS35/MRPL11/RPS20/MRPS16/RPL29/MRPL4/RPL23/RPS7/RPL34/RPS3/RPS24/RPS29/MRPL49/RPL27/RPL10A/RPS25/MRPS2/MRPL37/RPL27A/MRPS23/RPL35A/MRPL51/RPL38/RPL7/RPL31/MRPS7/MRPL17/MRPL18/RPL7A/RPS27A/MRPL57/RPS3A/RPS12/MRPS33/RPS17/RPS15A/MRPL22/RPL19/MRPS18A/RPL21/RPS4X/MRPL13/MRPL34/MRPL36/RPSA2/MRPL12/RPL17/RPL28/MRPL3/MRPL27/RPL22L1/MRPS5/RPL9/MRPL55/MRPL1/MRPL15/MRPL24/RPL26L1/RPS10/MRPS17/MRPL23/RPS27/RPL39L/RPS28,110
MF,GO:0030527,structural constituent of chromatin,64/3719,77/13352,6.059622174302458e-24,3.22977861890321e-21,3.2084104775517226e-21,H4C9/H2BC13/H4C1/H2AC11/H2AC8/H4C6/H3C10/H2BC15/H1-4/H3C8/H4C4/H3C7/H1-10/H4C3/H2BC10/H1-3/H3C2/H3C1/H1-2/H2BC26/H4C12/H2BC17/H4C5/H2AC20/H2AC25/H2BC12/H2AC13/H1-5/H4C2/H4C16/H2BC11/H2AZ1/H4C8/H3C13/H2AC12/H2AC4/H2AC21/H2BC8/H2AC6/H4C11/H3C3/H2AC15/H2BC9/H2AJ/H2BC7/H3C14/H2AX/H4C13/H2BC6/H3C11/H2BC3/H2AC16/H2BC5/H2AC18/H3C6/H1-0/H3C12/H4C15/H2BC18/H2AC19/H3C15/H2BC14/H4C14/CENPA,64
MF,GO:0046982,protein heterodimerization activity,116/3719,263/13352,9.224278917413184e-9,3.277693775320818e-6,3.256008628392163e-6,H4C9/H2BC13/H4C1/BARD1/H2AC11/H2AC8/H4C6/H3C10/H2BC15/H3C8/H4C4/H3C7/TRMT112/H4C3/H2BC10/H3C2/H3C1/RAN/H2BC26/H4C12/H2BC17/H4C5/RRAGA/H2AC20/H2AC25/H2BC12/H2AC13/PHB1/H4C2/H4C16/H2BC11/H2AZ1/H4C8/TAF1/H3C13/PHB2/SLC3A2/SUPT4H1/H2AC12/PPP2R1A/H2AC4/IRAK1/H2AC21/H2BC8/H2AC6/H4C11/H3C3/H2AC15/H2BC9/H2AJ/H2BC7/RALGAPA2/YWHAE/POLE4/PAFAH1B3/H3C14/P4HB/PEF1/H2AX/TP53/H4C13/H2BC6/H3C11/H2BC3/IKZF3/H2AC16/H2BC5/ZHX3/QTRT1/NFYB/TAF4/H2AC18/CYBA/ABCD2/H3C6/ATF2/BAX/TAF6L/XBP1/BCL2L1/SMC1A/TOP2A/GABBR1/AHR/HIP1/MEF2C/LSM5/SLC51A/ZHX1/TPM4/H3C12/H4C15/H2BC18/H2AC19/H3C15/NR4A1/BAK1/CENPW/H2BC14/DRAP1/AOC3/FZD4/ERBB2/ABCG1/ABCG8/SUPT3H/KCNB1/JAM3/KRT10/TLR6/SYT1/H4C14/ROPN1B/PDGFA/CENPA/CEACAM8,116
MF,GO:0003823,antigen binding,59/3719,129/13352,1.0180080729849428e-5,0.0026319796778470268,0.002614566560594558,HLA-DRA/TSPAN4/PPP2R1A/CD1C/HLA-DMA/HLA-DOA/MAML1/EP400/HLA-DPA1/TAP2/HLA-A/IGLV3-25/IGLC2/HLA-DMB/IGHV5-51/IGKV4-1/IGLC3/CD1D/IGLC7/CD1E/TRAV12-1/IGLV3-19/JCHAIN/IGHE/IGHV3-33/SLC7A5/TRBV12-3/IGLL5/IGLV3-21/HLA-DRB1/IGLV1-44/IGLV2-14/HLA-DRB5/IGHA2/IGHV1-18/IGKV2D-28/IGHV3-74/HLA-DPB1/IGHM/IGKC/HLA-DQA1/IGHA1/IGKV3-15/IGHV1-69D/IGKV1-17/IGKV3-20/IGHG4/IGHV3-23/IGHV6-1/IGHV3-48/IGHV4-34/IGKV2-30/IGLV2-23/TRAV8-4/IGHV3-21/IGHV3-15/IGLV1-40/IGHV1-3/CD1B,59
MF,GO:0009055,electron transfer activity,47/3719,97/13352,1.2345120440183053e-5,0.0026319796778470268,0.002614566560594558,NDUFA4/AKR7A2/UQCRC1/CYC1/NDUFA8/SDHC/UQCRH/GPX2/COX4I1/AKR1B1/NDUFB7/IDH3B/COX8A/NDUFS3/NDUFS7/NDUFC2/SDHD/COX5B/NDUFB6/NDUFA5/ADH5/GFUS/COX6B1/NDUFB5/COX7A2L/NDUFA2/CIAPIN1/UQCR10/SURF1/PHGDH/NDUFV1/COX7B/CYBA/NDUFS4/NDUFA1/DEGS1/AOC2/DHRS3/NDUFB2/NDUFS8/ALDH4A1/UQCR11/RDH16/STEAP4/ME1/P4HA2/MAOB,47
MF,GO:0030627,pre-mRNA 5'-splice site binding,11/3719,14/13352,1.1696239035882191e-4,0.020780318020417358,0.020642835912451727,RNVU1-7/RNVU1-15/RNVU1-8/RNU11/RNU1-4/TAF12-DT/RNU4ATAC/RNVU1-4/RNVU1-20/RNVU1-3/RNVU1-2A,11
MF,GO:0015453,oxidoreduction-driven active transmembrane transporter activity,28/3719,54/13352,1.6121631621505725e-4,0.024550941869321576,0.024388513400353022,NDUFA4/UQCRC1/CYC1/NDUFA8/CYB561A3/UQCRH/COX4I1/NDUFB7/COX8A/NDUFS3/NDUFS7/NDUFC2/COX5B/NDUFB6/NDUFA5/COX6B1/NDUFB5/COX7A2L/NDUFA2/UQCR10/SURF1/CYB561D2/NDUFV1/COX7B/NDUFS4/NDUFA1/NDUFB2/NDUFS8,28
MF,GO:0019843,rRNA binding,32/3719,65/13352,2.0059462694506133e-4,0.02672923404042942,0.026552394040359435,IMP3/DDX28/RPS5/RPS13/RPLP0P6/RPS18/RPS9/RPLP0/RPL8/ERAL1/IMP4/RPL23A/RPS11/MRPL11/RPL23/RPS3/NPM1/MRPS7/BRIX1/MRPL18/TST/MRPS18A/RPS4X/RCC1L/RPL9/FASTKD2/TACO1/RPF1/RNASEL/NGRN/MRPS17/CAVIN1,32
